{"graph": {"_type": "graph-file", "path": "media/graph/graph_summary_b9503804823204fdff24.graph.json", "sha256": "b9503804823204fdff2407f8e4c945345030015c2c41f9ccc0c9ac180b09d694", "size": 1464}, "epoch": 14, "_timestamp": 1649073227, "_runtime": 2595, "loss": 0.6229285597801208, "accuracy": 0.6875, "val_loss": 0.9798717498779297, "val_accuracy": 0.0, "_step": 34, "best_val_loss": 0.8248792886734009, "best_epoch": 4}